track_id,track,album,release_year,artists,popularity,genre,year_range;
,Fine,Fine,2021,DJ Cutbrawl,0,rap,2020-2024;
,Chances,Take a Chance,2020,Lil Force,0,rap,2020-2024;
",H-Town H-Town - Slowed & Chopped,H-Town H-Town (Slowed & Chopped),2024,""DJ SaucePark, Craig G, Paul Wall"",0,rap,2020-2024";
,Девушка-инферно,Девушка-инферно,2023,PETROV,0,rap,2020-2024;
,No Idea,All Out Viral Classics,2022,Don Toliver,0,rap,2020-2024;
",""Luv My City (feat. Wicked, Kang Versatile & Lil koo)"",MTP 2020 (Slowed & Chopped),2021,""Mr.Str8-8, Wicked, Kang Versatile, Lil Koo"",0,rap,2020-2024";
",WOKÓŁ HEJZA,WOKÓŁ HEJZA,2021,""RYGOR, Iwan"",0,rap,2020-2024";
,Hold up,Marcelo Classic,2022,Mr. Marcelo,0,rap,2020-2024;
,OXXID3,OXXID3,2022,|R|A|B|,0,rap,2020-2024;
,Replay,Musiche per bambini,2023,Iyaz,0,rap,2020-2024;
",Apologize,Vamos de Fiesta: 2000s,2023,""Timbaland, OneRepublic"",0,rap,2020-2024";
",Как раньше,Still on the Street,2020,""Эскимос Crew, Робси"",0,rap,2020-2024";
,Идент,Идент,2024,Kamikaz,0,rap,2020-2024;
",Olhos de Tapurim,Olhos de Tapurim,2020,""Sinistro, PinkTruence"",0,rap,2020-2024";
,04. siccit21 - overthinking,siccit21 - I HATE LIFE EP,2022,siccit21,0,rap,2020-2024;
",Branco Privilegiado,Jesus Preto - Ao Vivo,2024,""MN MC, Panquecabeats"",0,rap,2020-2024";
,Sea Santifiká (Life Arrangement),SS-EP12:27,2024,Nathan Senchi,0,rap,2020-2024;
,No Signs,No Signs,2020,itszachquietdwn,0,rap,2020-2024;
",""Donde Nací, Fue Así"",Quarantine Long Play (Vol.3),2021,Yumalesra,0,rap,2020-2024";
,Memories,Blood Money (Beat Tape),2024,Kostaki,0,rap,2020-2024;
,Sei di Cagliari se,Sei di Cagliari se,2021,Cool Caddish,0,rap,2020-2024;
",Big Flex,Big Flex,2020,""Rude Kid Venda, Nas100_zakes_sa, Dj Naija_banks"",0,rap,2020-2024";
,Murder On My Mind,Rap Essentials,2022,YNW Melly,0,rap,2020-2024;
,Tomorrow,MARMER,2020,Vinci,0,rap,2020-2024;
,No Idea,Gym Motivation,2022,Don Toliver,0,rap,2020-2024;
,Missing You - Freestyle,Og Ron C Presents F-Action 21,2022,OG Ron C,1,rap,2020-2024;
,Shawdy,Image Of Me,2022,Lil Cas,0,rap,2020-2024;
,Um Sinal,Tsunami,2021,Young Havaí,0,rap,2020-2024;
",Liga Mayor,Liga Mayor,2020,""Mango Rose, Veeto"",0,rap,2020-2024";
,Whoopty,20s Stars,2024,CJ,0,rap,2020-2024;
,YOU,HEAVEN CAN'T SAVE YOU,2023,HVN,0,rap,2020-2024;
",Pass It,BIG DUVIN IN THE CUT,2021,""Duvin, Kiro Almxghty, KiddKill, Mateo Sun"",0,rap,2020-2024";
",Wild Ones (feat. Sia),ตัวพ่อเพลง EDM,2024,""Flo Rida, Sia"",0,rap,2020-2024";
",Go,Success,2023,""G Man, Anthony Leonard Stephens Jr."",0,rap,2020-2024";
,Next to You,You're a Jerk - 00s Hip Hop,2022,Mike Jones,0,rap,2020-2024;
,Bape Hoodie,The Art of Spice Talk 2,2022,KrispyLife Kidd,0,rap,2020-2024;
",Stereo Hearts,SUMMER SUMMER SUMMER,2024,""Gym Class Heroes, Adam Levine"",0,rap,2020-2024";
",Penthouse,Hip Hop Hits Vol.10,2023,""Dave East, J. Black"",0,rap,2020-2024";
",Urgent Messages,Hip Hop Slow Jams,2023,""88GLAM, 6ixbuzz"",0,rap,2020-2024";
,LIKE SOMALIA,LIKE SOMALIA,2023,Truey 900,0,rap,2020-2024;
,Mezze verità,Aspettando Sanremo 2024,2024,Sottotono,0,rap,2020-2024;
",Somebody,Perfect Groove,2022,""A Boogie Wit da Hoodie, Don Q"",0,rap,2020-2024";
",My Heart,""The Come Up, Vol. 11"",2021,Lil Cas,0,rap,2020-2024";
,Drugs,Drugs,2022,siccit21,0,rap,2020-2024;
,MAKAI,Napoli nel cuore,2024,MV Killa,0,rap,2020-2024;
,Replay,Self Isolation Pop,2022,Iyaz,0,rap,2020-2024;
",Flying - Whiskey Autumn Remix,Never Come Down Remixed,2020,""OptycNerd, Whiskey Autumn"",0,rap,2020-2024";
,Оружие и цветы,Оружие и цветы,2023,AstroKai,0,rap,2020-2024;
",Replay,Throwback Vibes,2022,""Iyaz, Flo Rida"",0,rap,2020-2024";
",Gucci Flip Flops,Sundown Rap,2022,""Bhad Bhabie, Lil Yachty"",0,rap,2020-2024";
,BO$$ CHICK,Soundtrack to the Internet,2024,Saweetie,0,rap,2020-2024;
,Mixx Vibes,MIXX VIBES,2021,Nobrakes Mixx,0,rap,2020-2024;
,I Wanna Go,Alternative Rap,2022,Mase,0,rap,2020-2024;
,Tussen De Regels,Wereldburger,2020,Meneer Michiels,0,rap,2020-2024;
,Miss You,Miss You,2022,Last,0,rap,2020-2024;
",See You Again (feat. Charlie Puth),นอนดีกว่า อยู่ไปเค้าก็ไม่รัก,2024,""Wiz Khalifa, Charlie Puth"",0,rap,2020-2024";
,You're a Jerk,Who's That Chick? - Viral Bangers,2022,New Boyz,0,rap,2020-2024;
,NANi,Dance hits para hindi antukin,2024,Saweetie,0,rap,2020-2024;
,Pre-echo,Pre-skit (EP),2021,Ńemy,0,rap,2020-2024;
,Bienvenue Chez Dayo,Jounida,2024,Dayo Lamar,0,rap,2020-2024;
,Body,Summer Pop,2021,Megan Thee Stallion,0,rap,2020-2024;
",Adiós,Mi Pasado - El Disco Que Nunca Salió,2020,""Andy Escamilla, Daniel Muné"",0,rap,2020-2024";
,Gucci Gang,Look Back At It - 10's Rap,2022,Lil Pump,0,rap,2020-2024;
,Be Careful,Perfect Groove,2022,Cardi B,0,rap,2020-2024;
",American Jesus,Best of Maga,2021,""Forgiato Blow, J360"",0,rap,2020-2024";
,Juntos,La Vida de un Acuario,2020,Benour,0,rap,2020-2024;
,Escape,Escape,2022,Prince Rhides,0,rap,2020-2024;
",MMM MMM,Rap Now,2022,""Kaliii, ATL Jacob"",0,rap,2020-2024";
,It’s On Sight… - skit,What Was Said?,2024,Lebra Jolie,0,rap,2020-2024;
,Throwin Shade,Play While Intoxicated,2020,Atm Krown,0,rap,2020-2024;
",BABY,HOPE FOR LIVE,2021,""ROSS, Granl"",0,rap,2020-2024";
,THE RETURN,A SIGN OF VICTORY,2022,Regional Overlord Sterling Silver,0,rap,2020-2024;
,Networth,Notebook Musik,2021,Jakk Jo,0,rap,2020-2024;
,They Don't Know,They Don't Know,2020,Brisco Bands,0,rap,2020-2024;
",MTP x RLS,MTP x RLS,2024,""Mr.Str8-8, Native-V, Blaze Z"",0,rap,2020-2024";
",Momma,Hip Hop Nostalgia,2021,""Yung Joc, Jazze Pha"",0,rap,2020-2024";
,The Serpent,Cosmic Cobra,2021,Phước Phật,0,rap,2020-2024;
,Do a Bitch,Triller Tracks,2022,Kaliii,0,rap,2020-2024;
",Into Your Arms,The Best 10s,2022,""Witt Lowry, Ava Max"",0,rap,2020-2024";
",Hells Bells Ringing,Deadly Verses,2021,""LayZ PalaZuelos, Cammy G"",0,rap,2020-2024";
,Bounce,The Root of all evil,2024,Lil Cas,0,rap,2020-2024;
,Lately,Rap Ballads,2023,LB SPIFFY,0,rap,2020-2024;
,Medellin,Everythang Pt. 2,2021,Flashy B,0,rap,2020-2024;
",Gotta Go,""B Sides, Vol. 2"",2023,""CosaFina, Dan Barreri"",0,rap,2020-2024";
,Beethoven,Top Hip-Hop,2022,Kenndog,0,rap,2020-2024;
,Unforgettable,Unforgettable,2023,Twinnski,0,rap,2020-2024;
,NIGHTMARE,PUPPET MASTER,2023,JUGGER,0,rap,2020-2024;
",""Bota a Cara, Pt. 2 - Bônus"",Blockarules,2020,""Umteto, Jissô"",0,rap,2020-2024";
",Billionaire (feat. Bruno Mars),VAMOS NOS PERMITIR,2024,""Travie McCoy, Bruno Mars"",0,rap,2020-2024";
,Body,Top Viral 2022,2022,Megan Thee Stallion,0,rap,2020-2024;
,Far Away,Woke up in My Dreams;" with You,2020,""Jordan Joseph, Sh3"",0,rap,2020-2024"
",See You Again,Romantic 10s,2023,""Wiz Khalifa, Charlie Puth"",0,rap,2020-2024";
,BO$$ CHICK,Today's Hottest Rhythmic Tracks,2023,Saweetie,0,rap,2020-2024;
,Gadih Jolang Gading,Ulah Batangka,2021,Tesa,0,rap,2020-2024;
",Billionaire,Lo Mejor de Lo Mejor,2024,""Travie McCoy, Bruno Mars"",0,rap,2020-2024";
",Рипреп,""Ништяки, Часть 2"",2021,""Polumyagkiye, Цена Смеха"",0,rap,2020-2024";
,Зоря,Зоря,2023,Dika,0,rap,2020-2024;
,Let Em Out,Let Em Out,2024,Yb Puerto Rico,0,rap,2020-2024;
,Paulie Cicero,More Mobstermusic,2024,Kholebeatz,0,rap,2020-2024;
,Intro (Gwiazda),Jak nie pyknie z muzą to do zobaczenia w trumnie,2023,GIBA,0,rap,2020-2024;
,Body,No Love Left,2023,Young Mex,0,rap,2020-2024;
,Rock'n roll Band,Became a Man,2020,Jacky,0,rap,2020-2024;
,Whistle,Sommer Klassiker,2024,Flo Rida,0,rap,2020-2024;
",Rutiera,Lá Pas,2020,""Familia236, Таймет, Vudik"",0,rap,2020-2024";
",WAP (feat. Megan Thee Stallion),PINK SUMMER,2024,""Cardi B, Megan Thee Stallion"",0,rap,2020-2024";
,Notice,Notice,2021,Mike Sicara,0,rap,2020-2024;
,Itself,Some New Rap,2024,Veeze,0,rap,2020-2024;
,You’re a Jerk,summer party 2024,2024,New Boyz,0,rap,2020-2024;
,Beethoven,Twenties Rap,2023,Kenndog,0,rap,2020-2024;
",Battle Scars,pop a smoke,2024,""Lupe Fiasco, Guy Sebastian"",0,rap,2020-2024";
",Všichni Ví,Final,2020,""$TOKA, DJ Kadr"",0,rap,2020-2024";
,Live By The Gun,Live By The Gun,2021,Lil Dev,0,rap,2020-2024;
,On Fire,On Fire,2022,Last,0,rap,2020-2024;
,Won't Stay Anthem,Modern Times 2,2020,jinnwilliam,0,rap,2020-2024;
,Cupid’s Chokehold / Breakfast in America,00's - Best of The Decade,2024,Gym Class Heroes,0,rap,2020-2024;
",Mall Rasara Ghumona Dardona Day,""Ghumona Dardona, Volume, 16"",2023,Rasheed,0,rap,2020-2024";
,Bring It Out of Me,ขโมยได้ทุกอย่าง ยกเว้นความแซ่บ,2024,Ty Dolla $ign,0,rap,2020-2024;
,Turn Me Down,7 DAYS IN ATLANTA,2024,Daidough,0,rap,2020-2024;
,Sede,Sede,2022,Rov3,0,rap,2020-2024;
",Lâncome,Disciples Of Sun Tzu IV,2024,""Drisket, HOOKHONNY244"",0,rap,2020-2024";
,Messages,Pop Now,2021,Matt OX,0,rap,2020-2024;
",Recess,""Goodbye, for Now"",2020,jinnwilliam,0,rap,2020-2024";
",Dentro del Sótano Pensante,Quarentine Long Play (Vol.2),2020,""Yumalesra, Eterno Pensante"",0,rap,2020-2024";
",Trunk Beat (feat. Yung Maverik & Rell),Topic of Discussion,2022,""SoSanAntone, Yung Maverik, Rell"",0,rap,2020-2024";
",MILE HIGH CLUB,Hot Rap Right Now,2022,""Dopebwoy, SRNO"",0,rap,2020-2024";
,Ain't Nobody Better,Supersonic Rap,2021,Yo-Yo,0,rap,2020-2024;
,Land Rover,Land Rover,2023,Last,0,rap,2020-2024;
,Annuska húzd,Faktortép (Instrumental),2021,FAKT,0,rap,2020-2024;
",Replay (feat. Flo Rida),Summer Mix 2022,2022,""Iyaz, Flo Rida"",0,rap,2020-2024";
,New Old School,Its Ya Nigga,2020,SLESH,0,rap,2020-2024;
",See You Again,Sad Love Pop,2023,""Wiz Khalifa, Charlie Puth"",0,rap,2020-2024";
",Wild Ones (feat. Sia),10s Heroes,2024,""Flo Rida, Sia"",0,rap,2020-2024";
,Beethoven,Psycho Killer - Virals,2022,Kenndog,0,rap,2020-2024;
,Wow 2,Wow 2,2021,Rov3,0,rap,2020-2024;
",Battle Scars,Emergency - 10's Dance,2022,""Lupe Fiasco, Guy Sebastian"",0,rap,2020-2024";
,Memories On 47th St.,euphoria vibes.,2023,VIC MENSA,0,rap,2020-2024;
,Skit (Anton),Lost maar never Late,2023,Bird,0,rap,2020-2024;
",ON MY BACK,The Real Christian Dior,2020,""Aux Dior, A$TACK"",0,rap,2020-2024";
,Lost in The Music,Moving On,2023,Lil Cas,0,rap,2020-2024;
,Cupid's Chokehold / Breakfast in America,Top Viral 2022,2022,Gym Class Heroes,0,rap,2020-2024;
",She Ain't Coming Back,""Living Legend, Vol. 1 (Instrumentals)"",2023,Mr. Lee713,0,rap,2020-2024";
",Watch This - ARIZONATEARS Pluggnb Remix,night time views,2024,""Lil Uzi Vert, sped up nightcore, ARIZONATEARS"",0,rap,2020-2024";
,Pissu Tadawela,Pissu Tadawela,2023,Shiraz,0,rap,2020-2024;
,The Box,Dance Trap,2022,Roddy Ricch,0,rap,2020-2024;
",Replay,Breathless: 00's Pop Hits,2023,""Iyaz, Flo Rida"",0,rap,2020-2024";
,Hi Bich,Timeless Hip Hop,2022,Bhad Bhabie,0,rap,2020-2024;
,Ripleys believe it or not,Straight Outta Sherwood,2021,Bezo Luciano,0,rap,2020-2024;
,Grind with Me - Radio Version,00's - Best of The Decade,2024,Pretty Ricky,0,rap,2020-2024;
,Let It Go,90's US Hits,2021,Ray J,0,rap,2020-2024;
",Ring,Sagittarius Sounds,2023,""Cardi B, Kehlani"",0,rap,2020-2024";
",Replay,Éxitos de los 00 en Inglés,2024,""Iyaz, Flo Rida"",0,rap,2020-2024";
,Arose Out The Fire,Emotions Running High,2021,BBY KODIE,0,rap,2020-2024;
,Jesus Preto - Playback,Jesus Preto - Ao Vivo,2024,MN MC,0,rap,2020-2024;
,Aaron Judge,Vinyl Days,2022,Logic,0,rap,2020-2024;
,Area Codes,PINK SUMMER,2024,Kaliii,0,rap,2020-2024;
,Podracer,Izolim EP,2020,Neil B,0,rap,2020-2024;
,Outro,Quarentine Long Play (Vol.1),2020,Yumalesra,0,rap,2020-2024;
",Freelove,Freelove,2020,""ARCHI, LA GEO"",0,rap,2020-2024";
,Can't Hold,Can't Hold,2020,T. Chandy,0,rap,2020-2024;
,Kompos,1991,2021,Phaser,0,rap,2020-2024;
,Replay,Zähneputzen - Gute Laune im Bad,2024,Iyaz,0,rap,2020-2024;
,Adjaranan,Adjaranan,2020,Rap Soumi,0,rap,2020-2024;
",10 сумок,Pro любовь и насилие,2020,""Стриж, АМИР"",0,rap,2020-2024";
,Body,Glow Up Pop,2021,Megan Thee Stallion,0,rap,2020-2024;
,No Idea,Thinking with My Dick - Trap Hits,2022,Don Toliver,0,rap,2020-2024;
,Understand,2021 Frosh Week,2022,Zach Zoya,0,rap,2020-2024;
,Back Back,Hip Hop Hits & Playa Anthems,2022,Lil' O,0,rap,2020-2024;
",Margizzy,Chapter 20,2021,""Mene Gene, Keith Morris, 64jit"",0,rap,2020-2024";
,Ti Kal Ti Kal,Ti Kal Ti Kal,2023,P-Pain,0,rap,2020-2024;
,Epimeno,No Cure Records Presents The Ghost Infantry,2020,Buffalo Bill,0,rap,2020-2024;
,INTRO,TRAP HOLIDAYS,2021,MARKOVICH,0,rap,2020-2024;
",Baby,Feelgood Rap,2022,""Fabolous, Mike Shorey"",0,rap,2020-2024";
,Memories,Blood Money (Beat Tape),2024,Kostaki,0,rap,2020-2024;
",Battle Scars,We Love the 10s,2022,""Lupe Fiasco, Guy Sebastian"",0,rap,2020-2024";
,Replay,Zomer 2023,2023,Iyaz,0,rap,2020-2024;
,Kapitel 91 - Vonne Straße innen Wald,Vonne Straße innen Wald (Mein krasser Weg vom Gangster zum Naturschützer),2024,Max Cameo,0,rap,2020-2024;
,All I Want For Christmas,All I Want For Christmas,2023,Day1ss,0,rap,2020-2024;
,blood moon - live at studio 4,casual intimacy / blood moon live at studio 4,2023,Fantasy Camp,0,rap,2020-2024;
,Dynamite,Class of 00': Club Hits,2022,Taio Cruz,0,rap,2020-2024;
,Cupid’s Chokehold / Breakfast in America,hot girl run: pop edition,2024,Gym Class Heroes,0,rap,2020-2024;
,Cupid’s Chokehold / Breakfast in America,Love Is Gone 00s Hits,2023,Gym Class Heroes,0,rap,2020-2024;
",Into Your Arms,I Feel Good - Viral Pop,2021,""Witt Lowry, Ava Max"",0,rap,2020-2024";
,Fold,Pain Killer,2022,Lil Cas,0,rap,2020-2024;
,Tinc Ganes,Ofrena,2022,El Nota,0,rap,2020-2024;
,GO GET IT!,UNIVERSOUL,2024,Henry G,0,rap,2020-2024;
,Living Right,Russian Roulette,2020,Y&R Mookey,0,rap,2020-2024;
",BANDZ,Afrobeat - Black History Month Anthems,2023,""CHO, Emms"",0,rap,2020-2024";
,Wet (She Got That…),Rap Anthems - The 20's,2022,YFN Lucci,0,rap,2020-2024;
,Heat,Amnesia,2022,Kostaki,0,rap,2020-2024;
,Drive By,Amnesia,2022,Kostaki,0,rap,2020-2024;
,Beetje Spaans,The Best Of Donson,2022,Donson,0,rap,2020-2024;
",See You Again (feat. Charlie Puth),Primavera is Love,2024,""Wiz Khalifa, Charlie Puth"",0,rap,2020-2024";
,The Box,On the Low - Smooth Hip Hop,2022,Roddy Ricch,0,rap,2020-2024;
",Replay - (feat. Flo Rida),00's Music,2024,""Iyaz, Flo Rida"",0,rap,2020-2024";
",Watch This - ARIZONATEARS Pluggnb Remix,TikTok made me listen to it : TikTok hot trends 2023,2024,""Lil Uzi Vert, sped up nightcore, ARIZONATEARS"",0,rap,2020-2024";
,Okay Okay!,Viva,2020,Ghostluvme,0,rap,2020-2024;
",Pretty Girls,Low Key R'n'B,2021,""Iyaz, Travie McCoy"",0,rap,2020-2024";
,Chill Pussy,LOFI DICK & CHILL PUSSY,2021,FAKT,0,rap,2020-2024;
,Love and Pain,Love and Pain,2020,Code Rogue,0,rap,2020-2024;
,Memories On 47th St.,Rise & Grind,2022,VIC MENSA,0,rap,2020-2024;
",I Don't Really Care,Timeless Hip Hop,2022,""Waka Flocka Flame, Trey Songz"",0,rap,2020-2024";
,Yokoni natchao,Yokoni natchao,2022,Haruko Tajima,0,rap,2020-2024;
,Candy,Rap Beats & Rhymes,2022,Don Toliver,0,rap,2020-2024;
,Live By The Gun,Live By The Gun,2021,Lil Dev,0,rap,2020-2024;
,On Fire,On Fire,2022,Last,0,rap,2020-2024;
,Back Back,Crate Cutz: The Great Cutz,2021,Lil' O,0,rap,2020-2024;
",MMM MMM,LEO ENERGY,2024,""Kaliii, ATL Jacob"",0,rap,2020-2024";
,Ima choix,Le destin d'un jeune malien,2020,Lil Dev,0,rap,2020-2024;
,24 7 - Screwed Chopped,The Gallirock (Screwed & Chopped) [Screwed Chopped],2020,Rob G,0,rap,2020-2024;
",Liga Mayor,Liga Mayor,2020,""Mango Rose, Veeto"",0,rap,2020-2024";
",Chocolate Fe's And Redbones [Chopped & Screwed Version] - Remix,Ultimate Gym Rap,2022,""Twista, Johnny P"",0,rap,2020-2024";
,Vou Ter Que Ser,Love and Hate,2021,Thimbada,0,rap,2020-2024;
,Annuska húzd,Faktortép (Instrumental),2021,FAKT,0,rap,2020-2024;
,SIN TI - REMIX,SIN TI (REMIX),2021,|R|A|B|,0,rap,2020-2024;
,Wet (She Got That…),Cry Baby - Trending Hip Hop,2021,YFN Lucci,0,rap,2020-2024;
,Man Of The Year,Life After Dollah,2021,Bezo Luciano,0,rap,2020-2024;
",Drank in My Cup - Mike. D Radio Remix,Power Dance,2023,""Kirko Bangz, Mike D"",0,rap,2020-2024";
,Millionnaire,Millionnaire,2020,Gucci Loup,0,rap,2020-2024;
,Cupid's Chokehold / Breakfast in America,Who's That Chick? - Viral Bangers,2022,Gym Class Heroes,0,rap,2020-2024;
",Watch This - ARIZONATEARS Pluggnb Remix,Summer Hits Best of July,2024,""Lil Uzi Vert, sped up nightcore, ARIZONATEARS"",0,rap,2020-2024";
,No More Flowers,Lowrider Voodoo,2024,Junebug Slim,0,rap,2020-2024;
",Entrelinhas,""Soares Nu Beat, Vol. 2 (Donas de Si)"",2020,""Foco Do Problema, Soares by Foco do Problema, Raquel Boaventura"",0,rap,2020-2024";
,Skit (Anton),Lost maar never Late,2023,Bird,0,rap,2020-2024;
",Shenaniganz,Sign In,2020,""Saby, Huzur"",0,rap,2020-2024";
,Novel Walk,M-Squad Beats 4.,2024,M-Squad,0,rap,2020-2024;
,Small Worlds,lonely people lonely music,2024,Mac Miller,0,rap,2020-2024;
,DONTTRUSTME,Pop Culture: 2000s,2024,3OH!3,0,rap,2020-2024;
,Beethoven,Pop Out - Rap Now!,2022,Kenndog,0,rap,2020-2024;
,Area Codes,Summer Party '24,2024,Kaliii,0,rap,2020-2024;
,NANi,GRWM: back to school,2024,Saweetie,0,rap,2020-2024;
",Pokipow,Pokipow,2021,""Tout Atis, Woudley dr"",0,rap,2020-2024";
,Outono,Outono,2022,Last,0,rap,2020-2024;
",Fifty (feat. Curt McGurt),Amapola,2022,""Lil Cas, Curt McGurt"",0,rap,2020-2024";
,ICY GRL,graduATE down,2024,Saweetie,0,rap,2020-2024;
",Stereo Hearts,90's baby,2023,""Gym Class Heroes, Adam Levine"",0,rap,2020-2024";
,RapBeef,UnderRated,2021,Suckafreejuice,0,rap,2020-2024;
,DONTTRUSTME,Best 00s,2024,3OH!3,0,rap,2020-2024;
",Dis leur,Corps & âme,2020,""YUNG XAV, Smally King"",0,rap,2020-2024";
,Baecation,Ima B Here for a While,2020,Soulja K,0,rap,2020-2024;
",Correct,Correct,2022,""SunshineGzuz, Suscex, Scotty"",0,rap,2020-2024";
,No Peasants,RISE OF THE GODDESS,2024,Ladyy Acee,0,rap,2020-2024;
,Rebound,Who I Am,2024,Lil Cas,0,rap,2020-2024;
,24hrs,Doeboi909 Trap Babies,2020,Doeboi909,0,rap,2020-2024;
,Tamo Bien,Tamo Bien,2022,Candelario,0,rap,2020-2024;
,Cupid’s Chokehold / Breakfast in America,throwbacks classic hits,2023,Gym Class Heroes,0,rap,2020-2024;
,Espelho,O Último Romântico,2023,Rov3,0,rap,2020-2024;
",Day By Day,""The Come Up, Vol. 7"",2020,Lil Cas,0,rap,2020-2024";
",No Panties,Party U.S.A.,2023,""Trina, Tweet"",0,rap,2020-2024";
,XO Tour Llif3,10s Stars,2024,Lil Uzi Vert,0,rap,2020-2024;
",The Realness,Coalition Hip Hop Presents : Shear Brilliance,2024,""Fireman, Infinite Styles, ShiekAbdul"",0,rap,2020-2024";
",Dont Lie (Chopped) - Lil Randy S.U.C. Remix Chopped and Screwed,Dont Lie (Chopped) [Lil Randy S.U.C. Remix Chopped and Screwed],2023,""Ice Lord, Avery Callahan, Lil Randy S.U.C."",0,rap,2020-2024";
,Инстачика,Настал G,2020,Джи Вилкс,0,rap,2020-2024;
",Короткий рассказ,Ленина 27,2023,""Стриж, Ира PSP"",0,rap,2020-2024";
,Nexus-1,DIMENSION,2020,Lycos,0,rap,2020-2024;
,Ki Bo Ta Mira,Inside Out,2021,Marsh,0,rap,2020-2024;
,Rock'n roll Band,Became a Man,2020,Jacky,0,rap,2020-2024;
",Do it Again,Absolution,2022,""Lulcamerin0, SkinnyPimpBae aka Yung Jugg"",0,rap,2020-2024";
",Minteigne,Obangam,2021,""Rodzeng, Meva'a"",0,rap,2020-2024";
,Kira,Kira,2020,X999,0,rap,2020-2024;
",Ring,Weekend R'n'B,2022,""Cardi B, Kehlani"",0,rap,2020-2024";
",We Come for Blood,Deadly Verses,2021,""LayZ PalaZuelos, Hurricane, Texxx Pesci, C-Rock"",0,rap,2020-2024";
,Bonsai,Bonsai,2022,Last,0,rap,2020-2024;
",""Paint Where It Aint (feat. Lucky Luciano, Romero & Mr. Kreeper)"",MTP 2020 (Slowed & Chopped),2021,""Mr.Str8-8, Lucky Luciano, Romero, Mr.Kreeper"",0,rap,2020-2024";
,Love and Pain,Love and Pain,2020,Code Rogue,0,rap,2020-2024;
",BLACK HOLE,""Alt, Indie, Rock Noise"",2024,3OH!3,0,rap,2020-2024";
",Heavy (feat. Kiiara),The Biggest Songs of 2010s,2024,""Linkin Park, Kiiara"",0,rap,2020-2024";
,Notice,Notice,2021,Mike Sicara,0,rap,2020-2024;
,You’re a Jerk,summer party 2024,2024,New Boyz,0,rap,2020-2024;
,The Show Goes On,Best Pop - 10s,2024,Lupe Fiasco,0,rap,2020-2024;
",Good Vibes,Het Project Met En Voor Vrouwen,2020,""Jairzinho, Melissa Lopes"",0,rap,2020-2024";
",Watch This - ARIZONATEARS Pluggnb Remix,New Rap HITS 2023,2023,""Lil Uzi Vert, sped up nightcore, ARIZONATEARS"",0,rap,2020-2024";
",Into Your Arms,Sounds of 2022,2022,""Witt Lowry, Ava Max"",0,rap,2020-2024";
",Gucci Flip Flops,Rescatando hits del pasado vol. 2,2024,""Bhad Bhabie, Lil Yachty"",0,rap,2020-2024";
,Whoopty,Hip Hop Central,2022,CJ,0,rap,2020-2024;
",Stereo Hearts,SUMMER SUMMER SUMMER,2024,""Gym Class Heroes, Adam Levine"",0,rap,2020-2024";
,Deamon (Pakks Rackz),Notebook Musik,2021,Jakk Jo,0,rap,2020-2024;
,no quiero - (slowed + reverb),slowed + reverb,2023,3R,0,rap,2020-2024;
,Enjoy Today,GRATITUDE,2020,Stomo,0,rap,2020-2024;
,Clothes Off!!,Please Me - Rap'n'B Hits,2021,Gym Class Heroes,0,rap,2020-2024;
,Ste's (Skit),Rieks x Samzy Present (The Lost Tapes Vol 1),2022,Lab51,0,rap,2020-2024;
,Один,Фриланс,2021,Dogewell,0,rap,2020-2024;
,Mandatory,Mandatory,2023,Yb Puerto Rico,0,rap,2020-2024;
,My Type,Música 10s,2024,Saweetie,0,rap,2020-2024;
,Area Codes,Best of 20s Hits,2024,Kaliii,0,rap,2020-2024;
,อยากกอดเธอเหลือเกิน,อยากกอดเธอเหลือเกิน,2020,DKM,0,rap,2020-2024;
,My Feelings,My Feelings,2023,Last,0,rap,2020-2024;
,AJUALA - ALTERNATIVE VERSION,AMC RELOADED,2021,Henry G,0,rap,2020-2024;
",MMM MMM,Super Hip Hop Controller,2022,""Kaliii, ATL Jacob"",0,rap,2020-2024";
,Bad State,Bad State,2023,Sen Morimoto,0,rap,2020-2024;
,Bank Talk,Thank Me Now,2021,Jah$tar,0,rap,2020-2024;
,Area Codes,Playlist estiva Top 40,2024,Kaliii,0,rap,2020-2024;
,Make It Last,Since Birth,2020,Chevy Woods,0,rap,2020-2024;
,Yellow Lights,Party Fever,2021,Jake Miller,0,rap,2020-2024;
,DONTTRUSTME,punk is here,2024,3OH!3,0,rap,2020-2024;
,Solo - Cahill Club Mix,Love Again - Feelgood Dance Pop,2021,Iyaz,0,rap,2020-2024;
",Old Eire (Skit),The Devil Was a Culchie,2020,""A10Sín, DJ Green"",0,rap,2020-2024";
,After Party,Summer Party Songs Everyone Loves,2024,Don Toliver,0,rap,2020-2024;
,Clothes Off!!,My House - Pre Party,2022,Gym Class Heroes,0,rap,2020-2024;
",Gucci Flip Flops,Modern Hip Hop,2022,""Bhad Bhabie, Lil Yachty"",0,rap,2020-2024";
,Rumors,Boom Clap - 10's Anthems,2022,Jake Miller,0,rap,2020-2024;
,อยากกอดเธอเหลือเกิน,อยากกอดเธอเหลือเกิน,2020,DKM,0,rap,2020-2024;
,My Feelings,My Feelings,2023,Last,0,rap,2020-2024;
,AJUALA - ALTERNATIVE VERSION,AMC RELOADED,2021,Henry G,0,rap,2020-2024;
",MMM MMM,Super Hip Hop Controller,2022,""Kaliii, ATL Jacob"",0,rap,2020-2024";
,Bad State,Bad State,2023,Sen Morimoto,0,rap,2020-2024;
,Bank Talk,Thank Me Now,2021,Jah$tar,0,rap,2020-2024;
,Area Codes,Playlist estiva Top 40,2024,Kaliii,0,rap,2020-2024;
,Make It Last,Since Birth,2020,Chevy Woods,0,rap,2020-2024;
,Yellow Lights,Party Fever,2021,Jake Miller,0,rap,2020-2024;
,DONTTRUSTME,punk is here,2024,3OH!3,0,rap,2020-2024;
,Solo - Cahill Club Mix,Love Again - Feelgood Dance Pop,2021,Iyaz,0,rap,2020-2024;
",Old Eire (Skit),The Devil Was a Culchie,2020,""A10Sín, DJ Green"",0,rap,2020-2024";
,After Party,Summer Party Songs Everyone Loves,2024,Don Toliver,0,rap,2020-2024;
,Clothes Off!!,My House - Pre Party,2022,Gym Class Heroes,0,rap,2020-2024;
",Gucci Flip Flops,Modern Hip Hop,2022,""Bhad Bhabie, Lil Yachty"",0,rap,2020-2024";
,Rumors,Boom Clap - 10's Anthems,2022,Jake Miller,0,rap,2020-2024;
",Deep in the Water,""very mindful, very demure"",2024,Don Toliver,0,rap,2020-2024";
",Battle Cry,The Road Less Traveled,2023,""Cadillac Muzik, Jake Atherton, PUSH.audio"",0,rap,2020-2024";
",Saudade - Instrumental,Saudade,2024,""Noze, un.like, Disstinto"",0,rap,2020-2024";
,Spice Language,The Art of Spice Talk 2,2022,KrispyLife Kidd,0,rap,2020-2024;
,Sweet Butterfly,Little Reggae,2020,Divine Sounds,0,rap,2020-2024;
,U DON'T KNOW ME,U DON'T KNOW ME,2022,Young Black Heart,0,rap,2020-2024;
,caught a body,oneway! II,2021,PuddaH,0,rap,2020-2024;
,Fast Food,Fast Food,2022,Lil Boas,0,rap,2020-2024;
,BeatBox,UnderRated,2021,Suckafreejuice,0,rap,2020-2024;
,Area Codes,there I go new rap flow,2023,Kaliii,0,rap,2020-2024;
",KUSH,COOKIEZ & CREAM,2022,""Cookiez, Rob Voucher"",0,rap,2020-2024";
,How I'm Living,How I'm Living,2020,Courtside,0,rap,2020-2024;
",PRESIDENTE (feat. Kermit & Dat Boi Dee),Street Rap Italia,2024,""Geolier, Kermit, Dat Boi Dee"",0,rap,2020-2024";
,San Kilot,San Kilot,2020,Mechanst,0,rap,2020-2024;
,U Bullshittin’,From Memphis 2 Houston,2020,Jhiame,0,rap,2020-2024;
,YOU,YOU,2021,HellBoy9k,0,rap,2020-2024;
,Run it Up,Sosaa Vibes 1.5,2020,Zahsosaa,0,rap,2020-2024;
,Hypnotize,No More Christmas,2020,Izen,0,rap,2020-2024;
,Heat,Amnesia,2022,Kostaki,0,rap,2020-2024;
,Calor,Antorcha y Luz de Luna,2022,zerardo,0,rap,2020-2024;
,Muziki,Addicted,2023,Quincy,0,rap,2020-2024;
",Queen Is Back - Dja4muzic Remix,Queen Is Back (Dja4muzic Remix),2020,""The Kaseta, Dja4muzic"",0,rap,2020-2024";
,Deuses Falsos,11:11,2021,Bebi Monsuta,0,rap,2020-2024;
",Into Your Arms,I Feel Good - Viral Pop,2021,""Witt Lowry, Ava Max"",0,rap,2020-2024";
,Smashing pastors wife,Smashing pastors wife,2020,Luka-120,0,rap,2020-2024;
,Don't Trust Me,Playlist 00s,2024,3OH!3,0,rap,2020-2024;
,No Bots,No Bots,2021,Oz the Oddz,0,rap,2020-2024;
,Lawn Service,Modern Times 2,2020,jinnwilliam,0,rap,2020-2024;
,Haterville Skit,SKANDALOUZ 2,2024,Los,0,rap,2020-2024;
,Remember,Remember,2020,Young Jr,0,rap,2020-2024;
",Дал дал ушёл,Дал дал ушёл,2024,""Sasha Chest, Puffy Puff"",0,rap,2020-2024";
,Be Careful,MUJERES DE LA MÚSICA 2024,2024,Cardi B,0,rap,2020-2024;
,God heal Africa,God heal Africa,2020,Luka-120,0,rap,2020-2024;
,Erntebeginn - Instrumental,Ernte23 (Instrumentals),2022,Repete23,0,rap,2020-2024;
",Up The Road Lost,I'M HOME WARNING,2021,""G Man, Anthony Stephens Jr."",0,rap,2020-2024";
",Return Of The Macc - Slowed & Chopped,The DOTcumentary (Quiet Money Dot) [Slowed & Chopped],2024,""DJ SaucePark, Quiet Money Dot, George Young"",1,rap,2020-2024";
,Ataru,ROXO 10,2024,DARKSUNN,0,rap,2020-2024;
",AMG,AMG,2020,""LILCAK3, rudeboy"",0,rap,2020-2024";
",Ride Out,Farewell (Delux3),2022,""Nick Rose, Infinite Tgm"",0,rap,2020-2024";
,Test That Shit,Test That Shit,2023,Lil G,0,rap,2020-2024;
",Fire,Fire,2021,""Hezeleo, Billy Cook"",0,rap,2020-2024";
",Stereo Hearts,""Du kannst alles schaffen, wenn du daran glaubst"",2023,""Gym Class Heroes, Adam Levine"",0,rap,2020-2024";
",Replay (feat. Flo Rida),00s Music - Greatest Hits,2024,""Iyaz, Flo Rida"",0,rap,2020-2024";
,Tarantino,Amnesia,2022,Kostaki,0,rap,2020-2024;
",Алмазы Анголы,Pro любовь и насилие,2020,""Стриж, АМИР"",0,rap,2020-2024";
,On My Racks,Especial De Natal,2020,Rov3,0,rap,2020-2024;
,You're a Jerk,Pity Party: Trending Hits,2022,New Boyz,0,rap,2020-2024;
,Topside,Play For Keeps,2021,Band Gang Masoe,0,rap,2020-2024;
,Fight,Fight,2022,Last,0,rap,2020-2024;
,Rewind,Krash Dummy Third,2020,Born Stunna 3G,0,rap,2020-2024;
,Vontade Louca,Pop 2020,2020,PrimaSol,0,rap,2020-2024;
,Different League,Block Baby EP,2021,Ray Walker,0,rap,2020-2024;
,Area Codes,Summer BBQ 2023,2024,Kaliii,0,rap,2020-2024;
",Gerardo Geringa,Émbolo y biela,2024,""Res_Co, Gerardo Geringa"",0,rap,2020-2024";
,Blue Shells,Potential Unleashed,2022,Lil Gohan,0,rap,2020-2024;
",ENJOY DEATH,ZOMBIE MODE,2022,""3fargo, SLAT3R"",0,rap,2020-2024";
",Mangu,Mangu,2020,""zerardo, Hexal"",0,rap,2020-2024";
",Dulce,Dulce (Ft. Gezzyboiii & EvylDayo),2020,""zerardo, Gezzyboiii, EvylDayo"",0,rap,2020-2024";
,Whoopty,Me Gusta - Summer Pop,2021,CJ,0,rap,2020-2024;
",Blvck Raven,Str8 Frost,2020,""Mr.Str8-8, Blvck Frost"",0,rap,2020-2024";
,Helping Grandma / Robbing Grandma,PURP Vol. I,2022,KC Purp,0,rap,2020-2024;
,Untitled - Instrumental,Faktortép (Instrumental),2021,FAKT,0,rap,2020-2024;
,Be Careful,Shed a Light - Perfect 10s,2022,Cardi B,0,rap,2020-2024;
,Grand bandit,Dans le vrai,2023,Moubarak,0,rap,2020-2024;
,Replay,Kings & Queens - Viral Hits,2021,Iyaz,0,rap,2020-2024;
",Tropix (feat. Mans),Chasing Ghost,2024,""Lil Cas, Mans"",0,rap,2020-2024";
,Muertovivo,Muertovivo,2021,Lil Chachi,0,rap,2020-2024;
",""Cloud 9 (feat. Woozie Made Music, Samantha B & Dj Phish)"",""Cloud 9 (feat. Woozie Made Music, Samantha B & Dj Phish)"",2024,""Mr.Str8-8, Woozie Made Music, Samantha B, Dj Phish"",0,rap,2020-2024";
,I Didn't Realize How Empty My Bed Was Until You Left,Deep Groove,2023,Roderick Porter,0,rap,2020-2024;
,Money,Money,2020,EBE Savage,0,rap,2020-2024;
",Stereo Hearts (feat. Adam Levine),Summer Party Songs Everyone Knows,2024,""Gym Class Heroes, Adam Levine"",0,rap,2020-2024";
,ICY GRL,odio san valentín,2024,Saweetie,0,rap,2020-2024;
,Understand Me,Rebel vs. Rowdy,2022,Rowdy Rebel,0,rap,2020-2024;
",Sweet Yamz - Remix,Beat Street,2023,""Fetty Wap, Charlie Wilson, Ronald Isley"",0,rap,2020-2024";
",EPISODIO D'AMORE (feat. Dat Boi Dee & Takagi & Ketra),Pausa Pranzo,2024,""Geolier, Dat Boi Dee, Takagi & Ketra"",0,rap,2020-2024";
,Small Worlds,Para Dedicar...,2024,Mac Miller,0,rap,2020-2024;
,Merry Christmas,Merry Christmas,2022,Last,0,rap,2020-2024;
",The Introduction,The Introduction,2022,""Nino, Fort'e"",0,rap,2020-2024";
,Small Worlds,Smooth Hip-Hop,2022,Mac Miller,0,rap,2020-2024;
",""Together, We Conquer (Outro)"",""Please Go, Please Stay"",2021,IEZ,0,rap,2020-2024";
,Sextasy,Sicario,2023,Kostaki,0,rap,2020-2024;
",Do Or Die,""Blood, Sweat And Tears"",2023,Kreepa,0,rap,2020-2024";
,Beethoven,Major League Rap Hits,2022,Kenndog,0,rap,2020-2024;
,Replay,Playlist 00s,2024,Iyaz,0,rap,2020-2024;
,Fck Off,Fck Off,2020,Iceboy Ben,0,rap,2020-2024;
,ICY GRL,graduATE down,2024,Saweetie,0,rap,2020-2024;
,24hrs,Doeboi909 Trap Babies,2020,Doeboi909,0,rap,2020-2024;
,Fora do Padrão,Fora do Padrão,2022,DOUTOR MC,0,rap,2020-2024;
,Stranger,Planet Royal,2020,Prince Bopp,0,rap,2020-2024;
,Znów nie mogę spać,Znów nie mogę spać,2022,GIBA,0,rap,2020-2024;
,Designer Hoe,KARMA,2021,Ladyy Acee,0,rap,2020-2024;
,TIME (Skit),PSYCHONAUTICA,2023,Nohidea,0,rap,2020-2024;
,Rainbow,Rainbow,2020,T.Y.,0,rap,2020-2024;
",In my city,Starship,2022,""808papi, MVD Micki"",0,rap,2020-2024";
",Ni do magnai dowairai be gnai,Ni do magnai dowairai be gnai,2024,""Gucci Loup, Tchetcheni"",0,rap,2020-2024";
",See You Again (feat. Charlie Puth),GenZ Hits,2023,""Wiz Khalifa, Charlie Puth"",0,rap,2020-2024";
",4 Me (feat. Kali Uchis),smooth sounds for studying,2024,""Don Toliver, Kali Uchis"",0,rap,2020-2024";
,Self Care,Skater Rap,2023,Mac Miller,0,rap,2020-2024;
,It's Up With Me,It's Up With Me,2021,OBN Jay,0,rap,2020-2024;
",Love Is in the Air,Love Is in the Air,2020,""Yashan, Kenya De Silva, Lady Monarkey"",0,rap,2020-2024";
",Momma,Hip Hop Nostalgia,2021,""Yung Joc, Jazze Pha"",0,rap,2020-2024";
,Nexus-1,DIMENSION,2020,Lycos,0,rap,2020-2024;
",Короткий рассказ,Ленина 27,2023,""Стриж, Ира PSP"",0,rap,2020-2024";
",A ma ce anka kouma,A ma ce anka kouma,2021,""Young Pô, Digui Clodjaleen, Gaza Toumisky"",0,rap,2020-2024";
,Cupid’s Chokehold / Breakfast in America,Imperdibles en Inglés,2024,Gym Class Heroes,0,rap,2020-2024;
",Вопреки,Кулёк №2,2020,""Pra(Killa'Gramm), Парадный Ветер"",0,rap,2020-2024";
,My Queen,Good Game,2020,Cals,0,rap,2020-2024;
",Do it Again,Absolution,2022,""Lulcamerin0, SkinnyPimpBae aka Yung Jugg"",0,rap,2020-2024";
",Gallis,PIWO Records Décennie,2022,""Dug G, Chabin"",0,rap,2020-2024";
,Tamo Bien,Tamo Bien,2022,Candelario,0,rap,2020-2024;
",Watch This - ARIZONATEARS Pluggnb Remix,Summer Hits Best of July,2024,""Lil Uzi Vert, sped up nightcore, ARIZONATEARS"",0,rap,2020-2024";
,Blue Shells,Potential Unleashed,2022,Lil Gohan,0,rap,2020-2024;
,Turn and Dance,Turn and Dance,2023,808papi,0,rap,2020-2024;
",Mangu,Mangu,2020,""zerardo, Hexal"",0,rap,2020-2024";
,Vou Ter Que Ser,Love and Hate,2021,Thimbada,0,rap,2020-2024;
",Blvck Raven,Str8 Frost,2020,""Mr.Str8-8, Blvck Frost"",0,rap,2020-2024";
,Love and Pain,Love and Pain,2020,Code Rogue,0,rap,2020-2024;
,Sunshine,Top of the Morning,2021,Jake Miller,0,rap,2020-2024;
,Dynamite,Class of 00': Club Hits,2022,Taio Cruz,0,rap,2020-2024;
,Shame,Shame,2020,D.Cure,0,rap,2020-2024;
,Ich warn' dich Vor!,Das Himmelsleiter Jazzorchester: 34 Blaupausen für modernes Songwriting (Rare B-Sides & Diamonds in the rough),2023,Laserboys,0,rap,2020-2024;
,U DON'T KNOW ME,U DON'T KNOW ME,2022,Young Black Heart,0,rap,2020-2024;
,caught a body,oneway! II,2021,PuddaH,0,rap,2020-2024;
",See You Again (feat. Charlie Puth),cafecito y chismecito,2024,""Wiz Khalifa, Charlie Puth"",0,rap,2020-2024";
",Watch This - ARIZONATEARS Pluggnb Remix,New Rap HITS 2023,2023,""Lil Uzi Vert, sped up nightcore, ARIZONATEARS"",0,rap,2020-2024";
,Jason Nance (Uncharted),Gasoline Alley,2021,Shai Coke,0,rap,2020-2024;
,Blessing,Blood Money (Beat Tape),2024,Kostaki,0,rap,2020-2024;
",Never Comes Down (Slowed & Chopped),Love & Pimp-Hop - Slowed & Chopped,2024,""Natalac, DJ Red"",0,rap,2020-2024";
,God's grave,God&#039;s Grave,2022,KS1NJAO_GTR,0,rap,2020-2024
,Deep in the Water,Hip Hop Coffee Break,2024,Don Toliver,0,rap,2020-2024;
,Фартит,Ренессанс,2021,Simaga,0,rap,2020-2024;
",WAP,Dona de mim,2023,""Cardi B, Megan Thee Stallion"",0,rap,2020-2024";
,Area Codes,International Women's Day,2024,Kaliii,0,rap,2020-2024;
,Whole Lotta Choppas,TikTok Viral Hits,2022,Sada Baby,0,rap,2020-2024;
,After Party,#onrepeat Rap,2022,Don Toliver,0,rap,2020-2024;
,Smoke By Myself,Bob Ross,2022,Atm Krown,0,rap,2020-2024;
,En General,Maharage,2021,Huba Watson,0,rap,2020-2024;
,Whistle,Sommer Klassiker,2024,Flo Rida,0,rap,2020-2024;
",En Todo Me Cago,Mojo,2020,""Yumalesra, El Pelon, Eloy MQ"",0,rap,2020-2024";
,My Type,Música 10s,2024,Saweetie,0,rap,2020-2024;
",Алмазы Анголы,Pro любовь и насилие,2020,""Стриж, АМИР"",0,rap,2020-2024";
,NANi,summer in the states,2024,Saweetie,0,rap,2020-2024;
,Gucci Gang,Hip Hop Jams,2022,Lil Pump,0,rap,2020-2024;
",Correct,Correct,2022,""SunshineGzuz, Suscex, Scotty"",0,rap,2020-2024";
,Area Codes,Top 100 - Women & Girls - International Women's Day,2024,Kaliii,0,rap,2020-2024;
,You're a Jerk,Pity Party: Trending Hits,2022,New Boyz,0,rap,2020-2024;
,No Peasants,RISE OF THE GODDESS,2024,Ladyy Acee,0,rap,2020-2024;
",Ain't Comin' Back,Along the Way,2020,""Duvin, Taylay77"",0,rap,2020-2024";
",The Introduction,The Introduction,2022,""Nino, Fort'e"",0,rap,2020-2024";
",Gerardo Geringa,Émbolo y biela,2024,""Res_Co, Gerardo Geringa"",0,rap,2020-2024";
,Whistle,Home Workout - Cardio 2,2024,Flo Rida,0,rap,2020-2024;
",GEFÜHLSTÖTUNGSMASCHINE (Interlude),Im Augenblick sind alle Leitungen belegt,2022,""Das Ding ausm Sumpf, Jason Bartsch"",0,rap,2020-2024";
",Stereo Hearts,SUMMER SUMMER SUMMER,2024,""Gym Class Heroes, Adam Levine"",0,rap,2020-2024";
",Марк в 2007 (SURIN DA PHONK Remix),УОЛБЕРГ (REMIXES),2022,""IAN HOPELESS, SURIN DA PHONK"",0,rap,2020-2024";
,Neva Lacky,Vibe Gawd,2023,Jay Griffy,0,rap,2020-2024;
,Savage,Homecoming - Hip Hop Hits,2022,Megan Thee Stallion,0,rap,2020-2024;
",Into Your Arms,Who's That Chick? - Viral Bangers,2022,""Witt Lowry, Ava Max"",0,rap,2020-2024";
,(Optional) Intro To TAPE 5,TAPE 5,2020,NAHreally,0,rap,2020-2024;
,I,Hot Rap 10s,2022,Lil Skies,0,rap,2020-2024;
",Intro (feat. DJ Epps),Welcome To The 6th Floor,2024,""D'Shon El Villano, 6th Floor, Dj Epps"",0,rap,2020-2024";
,Patrona,Patrona,2020,Rap Soumi,0,rap,2020-2024;
,Terrorize (Interlude),Idle Mind,2020,Manic the 17th,0,rap,2020-2024;
,Home Alone,Unclear,2021,Ian J,0,rap,2020-2024;
,Bubbel,Bubbel,2020,WIM,0,rap,2020-2024;
",Enclave,Rap Songs,2022,""San Quinn, Be Gee, First Degree The D.E., Oji El The Gift Bearer"",0,rap,2020-2024";
",Battle Scars,We Love the 10s,2022,""Lupe Fiasco, Guy Sebastian"",0,rap,2020-2024";
,Track Star,Spring Fling,2021,Mooski,0,rap,2020-2024;
,Long Way,The MEXtape 2,2023,Young Mex,0,rap,2020-2024;
,Area Codes,Summer BBQ 2023,2024,Kaliii,0,rap,2020-2024;
,Yellow Lights,Party Fever,2021,Jake Miller,0,rap,2020-2024;
,Lova mig,BNZ MIXTAPE,2021,Benzel,0,rap,2020-2024;
,Ou Epatem,Ou Epatem,2022,Mister Christ De Vinci,0,rap,2020-2024;
",Do Or Die,""Blood, Sweat And Tears"",2023,Kreepa,0,rap,2020-2024";
,Dimensioner,Skapa,2020,Menteroja,0,rap,2020-2024;
",Old Eire (Skit),The Devil Was a Culchie,2020,""A10Sín, DJ Green"",0,rap,2020-2024";
,Notice,Notice,2021,Mike Sicara,0,rap,2020-2024;
,You’re a Jerk,summer party 2024,2024,New Boyz,0,rap,2020-2024;
",Stereo Hearts,""Du kannst alles schaffen, wenn du daran glaubst"",2023,""Gym Class Heroes, Adam Levine"",0,rap,2020-2024";
,YOU,YOU,2021,HellBoy9k,0,rap,2020-2024;
,Pirata,Pirata,2020,Bhaco,0,rap,2020-2024;
,Kiwi Budget,HYPER SLOCAL,2023,ItsNate,0,rap,2020-2024;
,Run it Up,Sosaa Vibes 1.5,2020,Zahsosaa,0,rap,2020-2024;
,My Dawg,The MEXtape,2022,Young Mex,0,rap,2020-2024;
",""Together, We Conquer (Outro)"",""Please Go, Please Stay"",2021,IEZ,0,rap,2020-2024";
